{"cameraMode":{"drawMode":0,"name":"Shaded","section":"Shading Mode"},"sceneLighting":true,"audioPlay":false,"sceneViewState":{"m_AlwaysRefresh":false,"showFog":true,"showSkybox":true,"showFlares":true,"showImageEffects":true,"showParticleSystems":true,"showVisualEffectGraphs":true,"m_FxEnabled":true},"in2DMode":false,"pivot":{"x":-4.1907196044921879,"y":2.345855236053467,"z":5.548373222351074},"rotation":{"x":0.043406058102846149,"y":0.9425220489501953,"z":-0.13525566458702088,"w":0.30244961380958559},"size":1.2083255052566529,"orthographic":false}