{"cameraMode":{"drawMode":0,"name":"Shaded","section":"Shading Mode"},"sceneLighting":false,"audioPlay":false,"sceneViewState":{"m_AlwaysRefresh":false,"showFog":true,"showSkybox":false,"showFlares":true,"showImageEffects":true,"showParticleSystems":true,"showVisualEffectGraphs":true,"m_FxEnabled":true},"in2DMode":false,"pivot":{"x":-0.2017340362071991,"y":0.2570456862449646,"z":-0.018612563610076906},"rotation":{"x":0.16811399161815644,"y":0.33828204870224,"z":-0.06155702844262123,"w":0.9238584041595459},"size":0.9049965143203735,"orthographic":false}